acari_odb12	2025-02-25	76a4f363c7f9a8179e6e3cd16a5bdf1f	Eukaryota	lineages
acetobacteraceae_odb12	2024-11-14	7c40b0f2b4189719e35ab20469aca1d4	Prokaryota	lineages
acetobacter_odb12	2024-11-14	ec7c59e4ccaea0e9b156b69d49cda50d	Prokaryota	lineages
acholeplasmataceae_odb12	2024-11-14	7382aca87917374af4acf05bf3c97805	Prokaryota	lineages
achromobacter_odb12	2024-11-14	ea301b00f50f842114fcd2b05e136a2e	Prokaryota	lineages
acidobacteriaceae_odb12	2024-11-14	ef45fd109a2dcdec90f9cd9fb93e14bb	Prokaryota	lineages
acidobacteria_odb10	2024-01-08	13046d110cf6d038af269ee6e0681bdc	Prokaryota	lineages
acidobacteriota_odb12	2024-11-14	4be4e5d0f241094f61cf61a9cca60c8b	Prokaryota	lineages
acidovorax_odb12	2024-11-14	9eb4bd448ec9d41b024df17b352b387c	Prokaryota	lineages
acinetobacter_odb12	2024-11-14	cd6a71eefab82f92cbf5206d4f51a121	Prokaryota	lineages
aconoidasida_odb10	2024-01-08	47b6ece13859b681466c79f4e6c6d1ad	Eukaryota	lineages
aconoidasida_odb12	2025-02-25	00bef12272232ebc21190c62620e6e47	Eukaryota	lineages
actinobacteria_class_odb10	2024-01-08	0a326071854e20d1977a13a5e3a5f84f	Prokaryota	lineages
actinobacteria_phylum_odb10	2024-01-08	eaa25a3d973f580d4cf59b7251309e5a	Prokaryota	lineages
actinomadura_odb12	2024-11-14	b25e1111b242735cf5bef91cd679180d	Prokaryota	lineages
actinomyces_odb12	2024-11-14	8ffb002e2c1313b89aea494546a018f8	Prokaryota	lineages
actinomycetaceae_odb12	2024-11-14	8b79f907a6899881cb110f2e0e4927b5	Prokaryota	lineages
actinomycetes_odb12	2024-11-14	df357c51d3e5e05a0bd678210cbd6359	Prokaryota	lineages
actinomycetota_odb12	2024-11-14	ecb71a03c4fc474b10385b237cd70d56	Prokaryota	lineages
actinoplanes_odb12	2024-11-14	e5bafdc7947d8d2e5a8f0bd3d0d3b764	Prokaryota	lineages
actinopterygii_odb10	2024-01-08	6b042870822559fcacf129fdedea8927	Eukaryota	lineages
actinopterygii_odb12	2025-02-25	87743069d036f575633eeded5071c685	Eukaryota	lineages
aculeata_odb12	2025-02-25	dc972a9a93ef079cac24419413328dab	Eukaryota	lineages
aerococcaceae_odb12	2024-11-14	7ef4cbd0ca4c54e5b5e46833bfb4d94a	Prokaryota	lineages
aeromicrobium_odb12	2024-11-14	2d86525574b8cd0424d08fea2e33fee2	Prokaryota	lineages
aeromonadaceae_odb12	2024-11-14	f8a82ab52b7d34bcceedaf1b463e80f7	Prokaryota	lineages
aeromonas_odb12	2024-11-14	c1dca4d306724308952584c933d29c39	Prokaryota	lineages
afipia_odb12	2024-11-14	76b060464f72bd6ca62599fe7ec2fdf3	Prokaryota	lineages
agaricales_odb10	2024-01-08	1bf1c632dab6ae5b4ff0be6fad8ff8cf	Eukaryota	lineages
agaricales_odb12	2025-02-25	537ffcb66a707baec1aa0502603618a4	Eukaryota	lineages
agaricomycetes_odb10	2024-01-08	717f3e2543617972c9a45bbd4ac975b6	Eukaryota	lineages
agaricomycetes_odb12	2025-02-25	bce9d20d27daf18560f92cf2bcc5f04a	Eukaryota	lineages
agrobacterium_odb12	2024-11-14	3804bd51969dbded7aa5697a910797f6	Prokaryota	lineages
agromyces_odb12	2024-11-14	373f79bcde26736d55a3165a76a9a1b8	Prokaryota	lineages
ajellomycetaceae_odb12	2025-02-25	aed524c809da577b263cbcd48141cf3d	Eukaryota	lineages
alcaligenaceae_odb12	2024-11-14	cb3a388e27ac36c02469f18e9069165a	Prokaryota	lineages
alcanivorax_odb12	2024-11-14	414dad99513876d593f722d692e191ab	Prokaryota	lineages
algoriphagus_odb12	2024-11-14	25fc484aa5e8d8f84bd1171803e5bf0a	Prokaryota	lineages
alicyclobacillaceae_odb12	2024-11-14	5725990bfc7ce9167f610824ccfe2e06	Prokaryota	lineages
alicyclobacillus_odb12	2024-11-14	0b4874478373398e186a168e35a98728	Prokaryota	lineages
alistipes_odb12	2024-11-14	57e19fb533ccf40c7336da2035c445f7	Prokaryota	lineages
alphabaculovirus_odb10	2024-01-08	ec04ed01eab6001f35c1a6ebfc70180f	Virus	lineages
alphaherpesvirinae_odb10	2024-01-08	44433a26b31aa50e4314a013eb2d1ff4	Virus	lineages
alphaproteobacteria_odb10	2024-01-08	22db70ba9f321e8b8f4eed0b2be41b6f	Prokaryota	lineages
alphaproteobacteria_odb12	2024-11-14	3b7df6ae09d4b71931bc07f961950338	Prokaryota	lineages
alteromonadales_odb10	2024-01-08	0a959f97971c349fdd69bc37e7796514	Prokaryota	lineages
alteromonadales_odb12	2024-11-14	7d610a151b6f10865e993aa133e6eca3	Prokaryota	lineages
alteromonas_odb12	2024-11-14	2f494d8d7090d94c05286571df7b54fd	Prokaryota	lineages
alveolata_odb10	2024-01-08	cbd2ddb6b18efb2b4ca218a74688aacf	Eukaryota	lineages
alveolata_odb12	2025-02-25	2578258394f279f1373529d4fb7bb64a	Eukaryota	lineages
amoebozoa_odb12	2025-02-25	ae585f7ca0da8af89f6d0287b3607b99	Eukaryota	lineages
amycolatopsis_odb12	2024-11-14	74cf21834d1d34e008f3b76a39266b3e	Prokaryota	lineages
anaerococcus_odb12	2024-11-14	68b94a5f95811df576a48a4be78db1a8	Prokaryota	lineages
anaplasmataceae_odb12	2024-11-14	ac858a68b9a1363a880f17ede1603033	Prokaryota	lineages
anopheles_odb12	2025-02-25	62cc8a1b09c6db5ab4d2f8c368c95341	Eukaryota	lineages
anthozoa_odb12	2025-02-25	ea4a1a073b6192982b339ea00b51581e	Eukaryota	lineages
apicomplexa_odb10	2024-01-08	e27eb839243c4a4280e4187108b48596	Eukaryota	lineages
apicomplexa_odb12	2025-02-25	fdaa4b59be4269d2f71cc24eb9b195ba	Eukaryota	lineages
apoidea_odb12	2025-02-25	fceaed0e28e74f4cb0f8a6cdbd30c974	Eukaryota	lineages
aquificae_odb10	2024-01-08	0285bccb18097979aef7badd2b554378	Prokaryota	lineages
aquificae_odb12	2024-11-14	dea32072e010fff36abc5b2a43070198	Prokaryota	lineages
aquimarina_odb12	2024-11-14	cc8f71bedf922f06e90a2c5c29b69e65	Prokaryota	lineages
arachnida_odb10	2024-01-08	625818d0544cd760356af0b8e9a5a412	Eukaryota	lineages
arachnida_odb12	2025-02-25	f51bf7d8a868f03d019e687236071929	Eukaryota	lineages
araneae_odb12	2025-02-25	f429b2b1ebc4fa642c0997f6f3dc8666	Eukaryota	lineages
archaea_odb10	2024-01-08	3eb26c670c520c0f3b32bff46fce03d7	Prokaryota	lineages
archaea_odb12	2024-11-14	1e57f22819441b38cd1052f1dafae17f	Prokaryota	lineages
arcobacter_odb12	2024-11-14	6f523705f6dbc563c7a16f3bc01578ff	Prokaryota	lineages
arthrobacter_odb12	2024-11-14	3ada38971cf76c3e0d467fbe4dd01a40	Prokaryota	lineages
arthropoda_odb10	2024-01-08	915ae2790da249b81eceeb1cea2ad922	Eukaryota	lineages
arthropoda_odb12	2025-02-25	4c81a0ef3ae51b5c71e47718bcd30b09	Eukaryota	lineages
artiodactyla_odb12	2025-02-25	b1e67bafb3993490f8d982fcc03fa181	Eukaryota	lineages
ascomycota_odb10	2024-01-08	694c2ad193a01cd6e95487a3ddcbcce8	Eukaryota	lineages
ascomycota_odb12	2025-02-25	1acd6ef18ec95371c4b6a7da2688b000	Eukaryota	lineages
aspergillus_odb12	2025-02-25	b2bfc760aa7756207b3ce084db34aced	Eukaryota	lineages
asticcacaulis_odb12	2024-11-14	8d8880a6d9384f65052d51dca575f619	Prokaryota	lineages
atopobiaceae_odb12	2024-11-14	dac58e12499799001c96e7e1e6fadd20	Prokaryota	lineages
aurantimonadaceae_odb12	2024-11-14	39ff971d2aad564784c0fc6e98ac9d2b	Prokaryota	lineages
aureimonas_odb12	2024-11-14	bb20f8051d5cc85713ec7056e63a2d62	Prokaryota	lineages
aves_odb10	2024-01-08	eea0b7e8122b1f528c97c142e9ddfd82	Eukaryota	lineages
aves_odb12	2025-02-25	482a7e7d9d61f875cbfa532c402580be	Eukaryota	lineages
aviadenovirus_odb10	2024-01-08	f9c946051627e87ff717ad466d6c5966	Virus	lineages
azospirillum_odb12	2024-11-14	71a864269edf730783be6c02333c69c9	Prokaryota	lineages
bacillaceae_odb12	2024-11-14	db116b8f31ad00dfeab520e88fe465c8	Prokaryota	lineages
bacillales_odb10	2024-01-08	e2fb5d46b90c76f849d9ec9c49ae79ca	Prokaryota	lineages
bacillales_odb12	2024-11-14	c3e775cf98778c30bd45be2f47709c37	Prokaryota	lineages
bacillariophyta_odb12	2025-02-25	c6d60c485ae04ee4d3a8b9c9d1f494f9	Eukaryota	lineages
bacilli_odb10	2024-01-08	e8dc4ad8c6e26e2dfc47e155736896bd	Prokaryota	lineages
bacilli_odb12	2024-11-14	5f550443fbfcc722c216cb665b084048	Prokaryota	lineages
bacillota_odb12	2024-11-14	154467de830942d833af87ddb8f9310b	Prokaryota	lineages
bacillus_odb12	2024-11-14	b30e3fe542ea58629008bf60b9859ceb	Prokaryota	lineages
bacteria_odb10	2024-01-08	bff9523df89980699c01e8f31e490496	Prokaryota	lineages
bacteria_odb12	2024-11-14	e53a0d29612cb7bd40f397b763a7c627	Prokaryota	lineages
bacteroidales_odb10	2024-01-08	60e4d09d2526ad90561bc0ad4c67f783	Prokaryota	lineages
bacteroidales_odb12	2024-11-14	da10700c9740759c56532c1cc9728372	Prokaryota	lineages
bacteroides_odb12	2024-11-14	cc5993c0fe60afd541797432ecaa0424	Prokaryota	lineages
bacteroidetes-chlorobi_group_odb10	2024-01-08	4d2ae5165b8aec5f42f42d79e98bc05d	Prokaryota	lineages
bacteroidetes_odb10	2024-01-08	81eddd495a27b2c15b661eb2f018b01b	Prokaryota	lineages
bacteroidia_odb10	2024-01-08	1756db675bfee79e3a3a6e9946003038	Prokaryota	lineages
bacteroidia_odb12	2024-11-14	a1668edcd29c8181a4af7e8dbb96da6d	Prokaryota	lineages
bacteroidota-chlorobiota_group_odb12	2024-11-14	d841da2c49f9cc1bdae9f25aee24c77e	Prokaryota	lineages
baculoviridae_odb10	2024-01-08	78a612f186cb5b88ec8c030661e46487	Virus	lineages
bartonella_odb12	2024-11-14	c05b64095ddea665ec83827199952ef8	Prokaryota	lineages
basidiomycota_odb10	2024-01-08	55ee0a0b2ca18812393fd43faf4f1897	Eukaryota	lineages
basidiomycota_odb12	2025-02-25	67faf8fe456f72f5c177f577c256972e	Eukaryota	lineages
bclasvirinae_odb10	2024-01-08	51a9dce485c577e575d411d10c566820	Virus	lineages
betabaculovirus_odb10	2024-01-08	aab73c1e308f8a1cec4f4529b06ee3d4	Virus	lineages
betaherpesvirinae_odb10	2024-01-08	1fd9d15097a377d712c6458451bf65af	Virus	lineages
betaproteobacteria_odb10	2024-01-08	040cf23dfcfc0fa632bd48fde213b61f	Prokaryota	lineages
betaproteobacteria_odb12	2024-11-14	4e4a101df232b4a9702bcef53cce93b5	Prokaryota	lineages
bifidobacteriaceae_odb12	2024-11-14	e4e8126745ba2c2adca18964769d8fb6	Prokaryota	lineages
bifidobacterium_odb12	2024-11-14	ef37463cecf66699ab8a99392e837e5c	Prokaryota	lineages
blautia_odb12	2024-11-14	5923bb4e0f1d70c14ba9257626951cc7	Prokaryota	lineages
boletales_odb10	2024-01-08	7a7b1635d171d069a5525ee24faf8c83	Eukaryota	lineages
boletales_odb12	2025-02-25	406899efabb370022196f9aff8b9b95a	Eukaryota	lineages
bordetella_odb12	2024-11-14	ab9d70fcb74b3d302c85f0eb249a2af3	Prokaryota	lineages
borreliaceae_odb12	2024-11-14	1d14ec3e3c15eebe293c77571e09abaa	Prokaryota	lineages
bosea_odb12	2024-11-14	d4312d60a5850c2dc6d713dbe987280b	Prokaryota	lineages
brachybacterium_odb12	2024-11-14	6eb292ca134b850dfa1dc50ba7e3e160	Prokaryota	lineages
brachycera_odb12	2025-02-25	5f790cd9281135ea4972204a078b81f3	Eukaryota	lineages
brachyspira_odb12	2024-11-14	6ffa016fdde243e4413cad37f75bd7cb	Prokaryota	lineages
bradyrhizobium_odb12	2024-11-14	bdc6fb41ffa8df154657b1b54bd7003a	Prokaryota	lineages
brassicales_odb10	2024-01-08	7f96488b36e2f391dd594a099b31ea24	Eukaryota	lineages
brassicales_odb12	2025-02-25	efd40e461ead1c3988815fc00fe15081	Eukaryota	lineages
brevibacillus_odb12	2024-11-14	6a4ccf3e77a2f4444ab01d1cc6e908f2	Prokaryota	lineages
brevibacterium_odb12	2024-11-14	07eb9a61abef2d7cac3698a4a7f6e162	Prokaryota	lineages
brevundimonas_odb12	2024-11-14	423d2d79a906aadef378eaedd815a0a4	Prokaryota	lineages
buchnera_odb12	2024-11-14	8c2a6b7a2788c409b15ac71c2d8ab003	Prokaryota	lineages
burkholderiaceae_odb12	2024-11-14	ac0a2923282c1fdd1f8cfe65e8a6ea43	Prokaryota	lineages
burkholderiales_odb10	2024-01-08	b41288c7ab665a79a592214850af3dcf	Prokaryota	lineages
burkholderiales_odb12	2024-11-14	e6d58dcf00d98371425c83355d1b8088	Prokaryota	lineages
burkholderia_odb12	2024-11-14	09709013201461ece5307f1f0ce35299	Prokaryota	lineages
butyrivibrio_odb12	2024-11-14	bd7f9c9dea2dda21734b65a1fc065dd1	Prokaryota	lineages
campylobacterales_odb10	2024-01-08	950fa5f90829dfbfe879e71f22d8a6f1	Prokaryota	lineages
campylobacterota_odb12	2024-11-14	e1a74a304481622cf4884620d476938a	Prokaryota	lineages
capnocytophaga_odb12	2024-11-14	1263bb4cfd888db57280fc3709715967	Prokaryota	lineages
capnodiales_odb10	2024-01-08	a1601671360646aa38c968520f81a9bc	Eukaryota	lineages
carnivora_odb10	2024-01-08	a81b85b7d90b046315b8cb1bea8605c1	Eukaryota	lineages
carnivora_odb12	2025-02-25	fb5971d9080ad90f379653db8adbe69f	Eukaryota	lineages
carnobacteriaceae_odb12	2024-11-14	63c7fe7d1a29888d504ad31287d14cb5	Prokaryota	lineages
carnobacterium_odb12	2024-11-14	2f2d3c14e3a4045491542b22d5072a63	Prokaryota	lineages
caulobacteraceae_odb12	2024-11-14	083acbe50314d8db4ac1621522eaa1ce	Prokaryota	lineages
caulobacter_odb12	2024-11-14	f78486cfc3ce1548309b1e2304510ac4	Prokaryota	lineages
cellulomonadaceae_odb12	2024-11-14	b73be45b00cd150b7788dab360b7fa46	Prokaryota	lineages
cellvibrionaceae_odb12	2024-11-14	c860502fe55767977642a0e991c1d86a	Prokaryota	lineages
cellvibrionales_odb10	2024-01-08	4284a714433698dfcf38b7297bc6ef4b	Prokaryota	lineages
cellvibrionales_odb12	2024-11-14	90b5eda18c64babd69427e9d139216a0	Prokaryota	lineages
cetartiodactyla_odb10	2024-01-08	7d348bed34a92a77c86adb4194a4d0cc	Eukaryota	lineages
chaetothyriales_odb10	2024-01-08	721a498d4da22ab75c48a705cb7ffafe	Eukaryota	lineages
chaetothyriales_odb12	2025-02-25	1dfeaf2246f61dc443e8efcd54885662	Eukaryota	lineages
cheoctovirus_odb10	2024-01-08	74dacf2a763c2a462356ded5e79921db	Virus	lineages
chitinophagaceae_odb12	2024-11-14	ed5cfc14cc60dfac8fd16b909bc14201	Prokaryota	lineages
chlamydiae_odb10	2024-01-08	f9a0d5d18b525f5b25ffd28cbc79511a	Prokaryota	lineages
chlamydia_odb12	2024-11-14	36c1eefe649a8e73ebb417f125f35575	Prokaryota	lineages
chlamydiota_odb12	2024-11-14	ff93fa3568eb0be13decf7fbdb466866	Prokaryota	lineages
chlorobi_odb10	2024-01-08	1accab3fc927c6e614d96d3b76eb7d41	Prokaryota	lineages
chlorobiota_odb12	2024-11-14	c1970f966cd1ca1a9e39a62b0b576671	Prokaryota	lineages
chloroflexi_odb10	2024-01-08	9633d49879fba7efe9d59e9ec1f6fb70	Prokaryota	lineages
chloroflexota_odb12	2024-11-14	14a8267cf8157a2dea86beca8307a450	Prokaryota	lineages
chlorophyceae_odb12	2025-02-25	43a023d339fa69eaffe3f8878822cfce	Eukaryota	lineages
chlorophyta_odb10	2024-01-08	7dbcc25dd421be9fbb0f0ae0d7095284	Eukaryota	lineages
chlorophyta_odb12	2025-02-25	b2cfb7693e588afb58bc4fd43c825e57	Eukaryota	lineages
chordopoxvirinae_odb10	2024-01-08	c5ff51b8e86771a94400c0df8f8eb383	Virus	lineages
chromadorea_odb12	2025-02-25	cddf78bd8aa3a233d4b754d6cf0b92df	Eukaryota	lineages
chromatiaceae_odb12	2024-11-14	514c08a2ae13f121ea272259a511706b	Prokaryota	lineages
chromatiales_odb10	2024-01-08	113389b263ee38c451831b513a56ae85	Prokaryota	lineages
chromatiales_odb12	2024-11-14	fc6e5d1bf05a2b3da1378926437482ee	Prokaryota	lineages
chromobacteriaceae_odb12	2024-11-14	56ff409276481bbf923f2b634e853f0c	Prokaryota	lineages
chroococcales_odb10	2024-01-08	319aa6d9e5ce2606aecfc0bce4419eb8	Prokaryota	lineages
chroococcales_odb12	2024-11-14	990c5f134d30f0db9525afd789d379a3	Prokaryota	lineages
chryseobacterium_odb12	2024-11-14	24e86e9b87003eb3e2de79ec186947de	Prokaryota	lineages
chytridiomycota_odb12	2025-02-25	f19768f078d0f26455cb771954fb602f	Eukaryota	lineages
ciliophora_odb12	2025-02-25	f87ad96e74341f9a2870888c60808429	Eukaryota	lineages
citrobacter_odb12	2024-11-14	89fef21d036b7d97682799d638f4b07a	Prokaryota	lineages
clavicipitaceae_odb12	2025-02-25	1d5f16e382585e1679fa366a01976404	Eukaryota	lineages
clostridiaceae_odb12	2024-11-14	050a8f3554686bb4791794c7ab9aad25	Prokaryota	lineages
clostridiales_odb10	2024-01-08	9b90a303dc2395f6197c1d64f03fbfc0	Prokaryota	lineages
clostridia_odb10	2024-01-08	7eeb8a01b7c4643aa9fbbd1fd03c887f	Prokaryota	lineages
clostridia_odb12	2024-11-14	756bcca59f390e6f8d180bfc8597f96b	Prokaryota	lineages
cnidaria_odb12	2025-02-25	da6bfc7199ac9e3bb8da639b30078562	Eukaryota	lineages
coccidia_odb10	2024-01-08	ec804a941baabf38053a0f8b8c7021dd	Eukaryota	lineages
coccidia_odb12	2025-02-25	d6a4d411dcbbb0c1dd67e7d2456de6bb	Eukaryota	lineages
coleoptera_odb12	2025-02-25	fc59372f59a29f9cb3b476627ef6772b	Eukaryota	lineages
collinsella_odb12	2024-11-14	292b763c3ff8c6a6d8ef36d232ac1b8b	Prokaryota	lineages
colwellia_odb12	2024-11-14	aee0bd841404fc112387c60088d2ce3b	Prokaryota	lineages
comamonadaceae_odb12	2024-11-14	ffa5cbfa24a52f1d410a8d12349c11f2	Prokaryota	lineages
comamonas_odb12	2024-11-14	95b1ebfe07d03f10b9cd626b291faf8b	Prokaryota	lineages
cordycipitaceae_odb12	2025-02-25	1ea4f429fdb121211eb15eb6c93e4953	Eukaryota	lineages
coriobacteriales_odb10	2024-01-08	18776c9d1cf45a170a71a57e6b0bf32c	Prokaryota	lineages
coriobacteriia_odb10	2024-01-08	6837d15f63527b8b9ad624f9e4a26daf	Prokaryota	lineages
coriobacteriia_odb12	2024-11-14	182fa2829d77c605b95d72a1d5b53551	Prokaryota	lineages
corynebacteriales_odb10	2024-01-08	af866d8ea389f71092f9344fb9603f5c	Prokaryota	lineages
corynebacterium_odb12	2024-11-14	becd30ef913cb6e78c7ed26a74a1b0c3	Prokaryota	lineages
crustacea_odb12	2025-02-25	d0ec24c8e223a5c680968a3db44d3708	Eukaryota	lineages
cryptosporidium_odb12	2025-02-25	fa0c310255d3aaf7ab9db9d406b646c8	Eukaryota	lineages
culicidae_odb12	2025-02-25	3773f29a637c0b309fa13a5e07be2129	Eukaryota	lineages
cupriavidus_odb12	2024-11-14	b2282a0c5c9230e60baeac022612a93d	Prokaryota	lineages
curtobacterium_odb12	2024-11-14	0254d036cfd8a53f547f658d00768081	Prokaryota	lineages
cyanobacteria_odb10	2024-01-08	26b249d637a4146011f38bcf70c6d6f3	Prokaryota	lineages
cyanobacteriota_odb12	2024-11-14	8bed62d18f3b802d0e654f13029c2191	Prokaryota	lineages
cyclobacteriaceae_odb12	2024-11-14	ca7e9dc3fd723583737af55c4459d5e4	Prokaryota	lineages
cyprinodontiformes_odb10	2024-01-08	4f85a35eafec1392512eba8b6011dfce	Eukaryota	lineages
cyprinodontiformes_odb12	2025-02-25	7be117b21b1af9c3069f550192f9fac1	Eukaryota	lineages
cytophagaceae_odb12	2024-11-14	31145c317f2ebf3c19ccb13230251a78	Prokaryota	lineages
cytophagales_odb10	2024-01-08	6ec59af7cc8d6f6d5de4c6f22f5eb5f0	Prokaryota	lineages
cytophagia_odb10	2024-01-08	ccecc5c2a542cf3d75330c1eacbd3100	Prokaryota	lineages
cytophagia_odb12	2024-11-14	7872b083cfddbc195655ffc8b992c35a	Prokaryota	lineages
debaryomycetaceae_odb12	2025-02-25	1769718f08817b8fa7ebc9fa5019cebd	Eukaryota	lineages
deinococcus_odb12	2024-11-14	0e30c121924de5875215261d8af60e60	Prokaryota	lineages
delta-epsilon-subdivisions_odb10	2024-01-08	911bdaa6c96bef4feaadd29846681cbd	Prokaryota	lineages
delta-epsilon_subdivisions_odb12	2024-11-14	cd5d865dee796a5c60e9315cd3228563	Prokaryota	lineages
deltaproteobacteria_odb10	2024-01-08	93caf5a115cffaf8089f47b7e592024a	Prokaryota	lineages
deltaproteobacteria_odb12	2024-11-14	6460b506d6876886845d9196b4563f84	Prokaryota	lineages
desulfobacteraceae_odb12	2024-11-14	b72f7317a731969f4e0ddd723f768171	Prokaryota	lineages
desulfobacterales_odb10	2024-01-08	6a47df2907b67b809b29291ad9baadeb	Prokaryota	lineages
desulfobacterales_odb12	2024-11-14	adac0e17a4ac9b61c780aefb72facdc2	Prokaryota	lineages
desulfosporosinus_odb12	2024-11-14	977041a6b05f349c9bd0169dc0204258	Prokaryota	lineages
desulfovibrionales_odb10	2024-01-08	2e4e5bc1e1e38533273013a92d59e6f8	Prokaryota	lineages
desulfovibrionales_odb12	2024-11-14	061dfa37da2714e8748a059618e6793d	Prokaryota	lineages
desulfurococcaceae_odb12	2024-11-24	a7a1e1e749058a576f683b3f4cd25c98	Prokaryota	lineages
desulfurococcales_odb10	2024-01-08	74cc4abc7ed82901712888c2408fb667	Prokaryota	lineages
desulfurococcales_odb12	2024-11-14	da4204cb485706322b1f6b5e61df60be	Prokaryota	lineages
desulfuromonadales_odb10	2024-01-08	b6aad868c8158fc9f92f7c7969e6bd65	Prokaryota	lineages
desulfuromonadales_odb12	2024-11-14	5e304008446c227b5fed1e8de7d60b26	Prokaryota	lineages
devosia_odb12	2024-11-14	7ec9748df9abcdd90e70be56fa84aa3a	Prokaryota	lineages
diptera_odb10	2024-01-08	da520a013d41c04d92a4b18b59803628	Eukaryota	lineages
diptera_odb12	2025-02-25	788d1cf08f082305f2b4b57c4906d0c6	Eukaryota	lineages
dothideomycetes_odb10	2024-01-08	f3b8e2745f0d1cca41d9d4c171b1e70e	Eukaryota	lineages
dothideomycetes_odb12	2025-02-25	10a46e860e5122edf4ade7aa8d03e1db	Eukaryota	lineages
drosophila_odb12	2025-02-25	71bbec9c9bc0e9239cc15d69e36b4d7a	Eukaryota	lineages
drosophilidae_odb12	2025-02-25	5bd255272546a16404dcc624806fc1b8	Eukaryota	lineages
dysgonomonas_odb12	2024-11-14	f64fb56c25c0115089fb8041124124f1	Prokaryota	lineages
ectothiorhodospiraceae_odb12	2024-11-14	802d537738a454c9630f219f9cb0b46c	Prokaryota	lineages
eggerthellaceae_odb12	2024-11-14	429f8da1c9c080a8b3126ebbaf9be61d	Prokaryota	lineages
embryophyta_odb10	2024-01-08	7d4e9894b0727223f8ef24cf05b7a71d	Eukaryota	lineages
embryophyta_odb12	2025-02-25	2bf68ef2a3f2e302d0ada922ce61ba02	Eukaryota	lineages
endopterygota_odb10	2024-01-08	fd7f8c8e521f96c0d273c1b25ef262ea	Eukaryota	lineages
endopterygota_odb12	2025-02-25	958c65bb451954286fb3b7ed938ee19a	Eukaryota	lineages
enquatrovirus_odb10	2024-01-08	f6c05f3de730a09cc7eaf58bcc50636c	Virus	lineages
enterobacterales_odb10	2024-01-08	989af5b1fe5e6b7ff7692511a412c1f6	Prokaryota	lineages
enterobacterales_odb12	2024-11-14	60af249d70e5f136fe74f9f1b654d38e	Prokaryota	lineages
enterobacteriaceae_odb12	2024-11-14	deb462b8f5b78563208edf195cbcfb31	Prokaryota	lineages
enterobacter_odb12	2024-11-14	55c7f4b212bb977edc00e9f8f0af2172	Prokaryota	lineages
enterococcaceae_odb12	2024-11-14	097a50f0619477876b844a4191922690	Prokaryota	lineages
enterococcus_odb12	2024-11-14	baf24a12643cfbcfc301d02f64b7aafb	Prokaryota	lineages
entomoplasmatales_odb10	2024-01-08	65893ded2df1ffc7bf4cc8abce3a858a	Prokaryota	lineages
entomoplasmatales_odb12	2024-11-14	e245942925d2944cb0097c6fc914cd28	Prokaryota	lineages
epsilonproteobacteria_odb10	2024-01-08	b0eaa68282aab72d8a2447da767219da	Prokaryota	lineages
erwiniaceae_odb12	2024-11-14	fe1ef87c66f7f0cc972b12bcc8730233	Prokaryota	lineages
erwinia_odb12	2024-11-14	41ab0947186e18c16ab64e5753aa84d7	Prokaryota	lineages
erysipelotrichaceae_odb12	2024-11-14	fb8d1816bb253fc18fb6e331f01f8fdb	Prokaryota	lineages
erythrobacteraceae_odb12	2024-11-14	31ecb92c1212ee9af61930e7cd3ab044	Prokaryota	lineages
erythrobacter_odb12	2024-11-14	72e2b2ae7e7cbecabe5ec620a932995f	Prokaryota	lineages
euarchontoglires_odb10	2024-01-08	4f6b07a49e990f1a821db285f808f7a7	Eukaryota	lineages
euarchontoglires_odb12	2025-02-25	d642f3182f23d30381e2e174b361a2fe	Eukaryota	lineages
eubacteriaceae_odb12	2024-11-14	b7f0545c11f7aedc3e82ce371b047afd	Prokaryota	lineages
eubacteriales_odb12	2024-11-14	59f2736924368f17735448df2d21dd25	Prokaryota	lineages
eudicots_odb10	2024-01-08	38ece5baf0523143fc6594030bca4487	Eukaryota	lineages
eudicotyledons_odb12	2025-02-25	f5a33f74c3032c15f6cf5631283794bd	Eukaryota	lineages
euglenozoa_odb10	2024-01-08	2422e36739d888b5400211e128442e6f	Eukaryota	lineages
euglenozoa_odb12	2025-02-25	f02dd1bf4b0ba2cffa7157d7da5ed9ea	Eukaryota	lineages
eukaryota_odb10	2024-01-08	93e2a6ec05708dbf0f23db078b88c5a8	Eukaryota	lineages
eukaryota_odb12	2025-02-25	c313b289c4b98090a9feb7429be8e29e	Eukaryota	lineages
eurotiales_odb10	2024-01-08	476a061e592590139598c5ed610d1883	Eukaryota	lineages
eurotiales_odb12	2025-02-25	215d4728ae5e74aa2c16c910c1493799	Eukaryota	lineages
eurotiomycetes_odb10	2024-01-08	077c5b9805d1bd69772851e7a3ef7e2f	Eukaryota	lineages
eurotiomycetes_odb12	2025-02-25	8294a34a6b864ee5dec3dd0b860f0bde	Eukaryota	lineages
euryarchaeota_odb10	2024-01-08	152262b6845431b05feb15919745af78	Prokaryota	lineages
euryarchaeota_odb12	2024-11-14	2581222456464cfc62cfc186b6c199b5	Prokaryota	lineages
eutheria_odb10	2024-01-08	2a3b171b152e781d8b905fb1861b701a	Eukaryota	lineages
eutheria_odb12	2025-02-25	377f9f8e2a824239262e2bba6d4ec9c4	Eukaryota	lineages
exiguobacterium_odb12	2024-11-14	a71d40041595228b6e1bd5c8e6e954da	Prokaryota	lineages
fabales_odb10	2024-01-08	b830d5061c0edd67d49a69800ac58598	Eukaryota	lineages
fabales_odb12	2025-02-25	e09bf659921d3b16cbb7248d753c02bf	Eukaryota	lineages
firmicutes_odb10	2024-01-08	4610a6bc81861850b4d8fc3b33fa7a5c	Prokaryota	lineages
flavobacteriales_odb10	2024-01-08	d8514f1c520e2fe1f3c7d36906f895c4	Prokaryota	lineages
flavobacteriia_odb10	2024-01-08	d4bead34b6d89f0a3e36b5250941726d	Prokaryota	lineages
flavobacteriia_odb12	2024-11-14	b5c4ff77a05cb9b90e5787e2906b9432	Prokaryota	lineages
flavobacterium_odb12	2024-11-14	99b02ccf608592b53ea4c38314a5b716	Prokaryota	lineages
formicidae_odb12	2025-02-25	7e35415f670b1c340fd9a85f94ff00c7	Eukaryota	lineages
francisellaceae_odb12	2024-11-14	b10646b2927a7a43235efeaaad1ec8ed	Prokaryota	lineages
frankia_odb12	2024-11-14	9e5324022497701555c8a07b470213ae	Prokaryota	lineages
fromanvirus_odb10	2024-01-08	48f5b7b57afa387315c9e006410f55b9	Virus	lineages
fungi_odb10	2024-01-08	d389cb627ded374b47db05630191494e	Eukaryota	lineages
fungi_odb12	2025-02-25	74dbc29feb6da6b3c4ae3d50d4b48050	Eukaryota	lineages
fusobacteriaceae_odb12	2024-11-14	1b9af0c8a73cef265a75073af7aa0e3c	Prokaryota	lineages
fusobacteriales_odb10	2024-01-08	c25c6d2e434d2ad8f91f6d5bccce30a5	Prokaryota	lineages
fusobacteria_odb10	2024-01-08	4e249141ccd9f730e52d386f2b9c0185	Prokaryota	lineages
fusobacteriota_odb12	2024-11-14	4cc2fc798a7234f72b4d8970a6ac280b	Prokaryota	lineages
fusobacterium_odb12	2024-11-14	feb38b16c3dc7b46e8ccde5d74fabf14	Prokaryota	lineages
galloanserae_odb12	2025-02-25	ab5f0fe97940fe91858ba8b394f2fd06	Eukaryota	lineages
gammaherpesvirinae_odb10	2024-01-08	da764ed072f3fb78cae2ff7e90868a9f	Virus	lineages
gammaproteobacteria_odb10	2024-01-08	5ade21bee041306a5a12a4c2047d978d	Prokaryota	lineages
gammaproteobacteria_odb12	2024-11-14	6ec624b3e6ae70a66ac8c262d051231c	Prokaryota	lineages
geobacteraceae_odb12	2024-11-14	7f18fb3ac3a0189526238e4c6e5a7147	Prokaryota	lineages
geobacter_odb12	2024-11-14	d9ebfa2046b84e9a40bee289d35f242b	Prokaryota	lineages
glires_odb10	2024-01-08	e556d8cd17fc9ed1ee6ffd1275809268	Eukaryota	lineages
glires_odb12	2025-02-25	ec7004fa1949177d3611074d65d6a38d	Eukaryota	lineages
glomerellales_odb10	2024-01-08	d1de6bb04a0d4ed8c816dbb62586faff	Eukaryota	lineages
glomerellales_odb12	2025-02-25	38ddfc46f48606d2f4a50c4ad433caba	Eukaryota	lineages
gordonia_odb12	2024-11-14	4c6b645c86f673c13fee65c5dccfd9c9	Prokaryota	lineages
guernseyvirinae_odb10	2024-01-08	484f59b9efc120c118fae2e6c178ffaa	Virus	lineages
haloarculaceae_odb12	2024-11-14	84175ddbbc636878b3977b14205f10ac	Prokaryota	lineages
haloarcula_odb12	2024-11-14	7b0f0aa49853af6c8d2ddc6893a32b25	Prokaryota	lineages
halobacteriaceae_odb12	2024-11-24	e7454514c26fbacbb43ee3a2aa052f03	Prokaryota	lineages
halobacteriales_odb10	2024-01-08	79b455d2fe7a132673d7e40a3d123370	Prokaryota	lineages
halobacteriales_odb12	2024-11-24	d9d31545c50cae8dfe0651c961f7a244	Prokaryota	lineages
halobacteria_odb10	2024-01-08	0b1efa4df56adb7423df34505c1c7814	Prokaryota	lineages
halobacteria_odb12	2024-11-14	892a00e843a1c926978a2201eae11270	Prokaryota	lineages
haloferacaceae_odb12	2024-11-14	b79554c4549b7c2c8876a91c988f8c04	Prokaryota	lineages
haloferacales_odb10	2024-01-08	99e1945897e61256586c478dd8678cdc	Prokaryota	lineages
haloferacales_odb12	2024-11-14	b5f6849383b74440af19d06c5eec4ec5	Prokaryota	lineages
haloferax_odb12	2024-11-14	0e96358a1d76fbdedd39f22d523ae58b	Prokaryota	lineages
halomonadaceae_odb12	2024-11-14	5ce7bcf2c8aa0b8e2bc20cfa65e3b44b	Prokaryota	lineages
halomonas_odb12	2024-11-14	4864a41bbddba5a30f56da53455d3123	Prokaryota	lineages
halorubrum_odb12	2024-11-14	4bea65e94fa739300901091dce207899	Prokaryota	lineages
haloterrigena_odb12	2024-11-14	1e2495021ca288712dccf0aa66af9414	Prokaryota	lineages
helotiales_odb10	2024-01-08	68b7b6ae8f5f933a282000711e163a3a	Eukaryota	lineages
helotiales_odb12	2025-02-25	5f92fa09d9f950ff2849d0bc934c3110	Eukaryota	lineages
hemiptera_odb10	2024-01-08	02bc28602cd3ec17f3b3bda43e3a2888	Eukaryota	lineages
hemiptera_odb12	2025-02-25	c3b7609a47f7c256a2596e6a566ac141	Eukaryota	lineages
herbaspirillum_odb12	2024-11-14	0c59b5b91521f9fd346f6f22f20e2667	Prokaryota	lineages
herpesviridae_odb10	2024-01-08	79856510300f9379e518cc8180ad14fb	Virus	lineages
hexapoda_odb12	2025-02-25	6317483659dcc333b3037fb32f4e1d46	Eukaryota	lineages
hymenobacteraceae_odb12	2024-11-14	48bd3bc76dbaf52356499fcb7683d738	Prokaryota	lineages
hymenobacter_odb12	2024-11-14	9aa209d4fa65490c5bcd01641f3e5026	Prokaryota	lineages
hymenoptera_odb10	2024-01-08	9d10047e5500f51c48104c9784baf6e5	Eukaryota	lineages
hymenoptera_odb12	2025-02-25	4bd2a831639525d38a8ca5ee9f5a7bdf	Eukaryota	lineages
hyphomicrobiaceae_odb12	2024-11-14	e65c951c30324861d3370ab12db3687d	Prokaryota	lineages
hyphomicrobiales_odb12	2024-11-14	9b20255936cce12ca24ce56a7c31d5d9	Prokaryota	lineages
hyphomicrobium_odb12	2024-11-14	cf9f0602f0dbf84d61faaeb9a678e12f	Prokaryota	lineages
hyphomonadaceae_odb12	2024-11-14	b676e4bdd133e915dede3fb3ee121ce5	Prokaryota	lineages
hyphomonas_odb12	2024-11-14	7568b3021e53b8a9caa73eb1f8f8030b	Prokaryota	lineages
hypocreaceae_odb12	2025-02-25	587eed2cfadda59985f388148ed662b7	Eukaryota	lineages
hypocreales_odb10	2024-01-08	2f85af3da8d3e9b20daf47c924ad4385	Eukaryota	lineages
hypocreales_odb12	2025-02-25	b59e4fe9a14f757db06d301015a98181	Eukaryota	lineages
idiomarina_odb12	2024-11-14	6953bb513117ca1ede669a1ae7012915	Prokaryota	lineages
insecta_odb10	2024-01-08	fe5d4360ef9829c3c663acab4fe1f1da	Eukaryota	lineages
insecta_odb12	2025-02-25	6e70704a055a08250b87742ba4d7559c	Eukaryota	lineages
intrasporangiaceae_odb12	2024-11-14	214b7c4d38885c69c52ba1815e271338	Prokaryota	lineages
iridoviridae_odb10	2024-01-08	3b3e67bb85d616fd874b26479d6abaea	Virus	lineages
jannaschia_odb12	2024-11-14	520d6490edb13a3c4c4dcd8fbd63506f	Prokaryota	lineages
janthinobacterium_odb12	2024-11-14	990436fba760559e18ce0aa0d2ef58e4	Prokaryota	lineages
kitasatosporales_odb12	2024-11-14	2084ed0bd8d589482acc56a0945ac741	Prokaryota	lineages
kitasatospora_odb12	2024-11-14	9185cf655db0ef8bca465ced343c63a3	Prokaryota	lineages
kocuria_odb12	2024-11-14	2d340f7b99b8d27fe5e68800b2e4da13	Prokaryota	lineages
labrenzia_odb12	2024-11-14	771761c21b212f5f5b42f3cccc336bb3	Prokaryota	lineages
lachnoclostridium_odb12	2024-11-14	c9f455991135723ee76f99ca51ff65f7	Prokaryota	lineages
lachnospiraceae_odb12	2024-11-14	29638f5ee746b933eb838b3dc76d1cb0	Prokaryota	lineages
lactobacillaceae_odb12	2024-11-14	e37714fa5f5c9bf0c221e44dad045a8b	Prokaryota	lineages
lactobacillales_odb10	2024-01-08	1377e13f55575410373f78d984e6d49b	Prokaryota	lineages
lactobacillales_odb12	2024-11-14	6f1ef3082e52d0aad6b73c09a112c3a4	Prokaryota	lineages
lactobacillus_odb12	2024-11-14	99034d1534af655adb2cf3a56ce6c3ab	Prokaryota	lineages
lamiales_odb12	2025-02-25	07f9fc3de0d950f06c98a45d2633fce5	Eukaryota	lineages
laurasiatheria_odb10	2024-01-08	4b69d3754077ee8a121ff4c1a814038b	Eukaryota	lineages
laurasiatheria_odb12	2025-02-25	d11884fad5f232eaac20cecaadd60200	Eukaryota	lineages
legionellaceae_odb12	2024-11-14	be456e943b0a7e7338c0e387bd494686	Prokaryota	lineages
legionellales_odb10	2024-01-08	0432b6cbcce14bcf292ae8fd01202f81	Prokaryota	lineages
legionellales_odb12	2024-11-14	de79304cd4890a5085d0f471e1576bb4	Prokaryota	lineages
leifsonia_odb12	2024-11-14	e1698bec7f2194a5f41760136d6cec4b	Prokaryota	lineages
leishmaniinae_odb12	2025-02-25	82ceaad2830ad31f5ff3afc77c986d3a	Eukaryota	lineages
leotiomycetes_odb10	2024-01-08	7c6ef2d12e2c7529097ac033b46f43df	Eukaryota	lineages
leotiomycetes_odb12	2025-02-25	850ab671678a8b959b15b826f2fa1c52	Eukaryota	lineages
lepidoptera_odb10	2024-01-08	4ad4f7c458c170c0b3245712b4e1cf1e	Eukaryota	lineages
lepidoptera_odb12	2025-02-25	df0f0ce98399937c4318380cfa642781	Eukaryota	lineages
leptolyngbya_odb12	2024-11-14	0d000b9d72f8b379d183f22022bbaaeb	Prokaryota	lineages
leptospiraceae_odb12	2024-11-14	0a05f5f59ce8189237d6135eab7a65c0	Prokaryota	lineages
leptotrichia_odb12	2024-11-14	5e36540ec1049af3549b512b9a3dc2ea	Prokaryota	lineages
leucobacter_odb12	2024-11-14	6280266fd951438aa6d9616562b10f87	Prokaryota	lineages
liliopsida_odb10	2024-01-08	154552d116896e02c282a7d91791cb7d	Eukaryota	lineages
liliopsida_odb12	2025-02-25	a1f726d4ed42dcbbf4e4b307ba1fc7bb	Eukaryota	lineages
lineages_list.txt	2025-03-03	76de75aafcdb98c45fb1dc2306c39e58	NaN	information
listeriaceae_odb12	2024-11-14	6df84b5f4a66921bb8891e82e908905c	Prokaryota	lineages
listeria_odb12	2024-11-14	2579552621af1309129a04f68cfc3ca5	Prokaryota	lineages
loktanella_odb12	2024-11-14	1db66b77f3ab836cb39015635398013e	Prokaryota	lineages
lophotrochozoa_odb12	2025-02-25	ba8af2079dd0cd45f16b5d80d600951e	Eukaryota	lineages
luteimonas_odb12	2024-11-14	3cc1008e0fabfafcfa059af3adf66bf5	Prokaryota	lineages
lysinibacillus_odb12	2024-11-14	9f92c444aee6384b0088f6621bc85336	Prokaryota	lineages
lysobacter_odb12	2024-11-14	832e96e2b4c26b061c4c07bcd0c36346	Prokaryota	lineages
malpighiales_odb12	2025-02-25	a4a2326bdcabfd4ae8adb121d58d59da	Eukaryota	lineages
mammalia_odb10	2024-01-08	5e1b55c306640771a7700d36ae67e1e2	Eukaryota	lineages
mammalia_odb12	2025-02-25	7fecc1b7657db7058c86ff2709040509	Eukaryota	lineages
maribacter_odb12	2024-11-14	18e1351f30f82064c3974567d4d4968a	Prokaryota	lineages
marinobacterium_odb12	2024-11-14	d05d5c244cf1f3649fc39039cc584251	Prokaryota	lineages
marinobacter_odb12	2024-11-14	d84c7fef5ef9a7bb6d0b1745900fd405	Prokaryota	lineages
marinomonas_odb12	2024-11-14	ec848c1609447076a2674207e72aa224	Prokaryota	lineages
massilia_odb12	2024-11-14	d1dce9f69fbc40d8690286d974d2ac12	Prokaryota	lineages
megasphaera_odb12	2024-11-14	928cb72a629ff1f60aa825102133ac66	Prokaryota	lineages
meiothermus_odb12	2024-11-14	d1ba54613de2400c3ad44adff9d8dbfc	Prokaryota	lineages
mesorhizobium_odb12	2024-11-14	6b26babaab7574977c52354951ab2600	Prokaryota	lineages
metazoa_odb10	2024-01-08	3372747bddabccabfdc291fcd4114899	Eukaryota	lineages
metazoa_odb12	2025-02-25	7dd835bcf990b49e8b4be0d489c0b1e5	Eukaryota	lineages
methanobacteria_odb10	2024-01-08	36df24c0adf12f76fbd7d26ce417b2c1	Prokaryota	lineages
methanobacteria_odb12	2024-11-14	418f62fc6d0316e2afcc4c21c6bd6791	Prokaryota	lineages
methanobacterium_odb12	2024-11-14	1f40eb4a436ca49cb3025eaf5e90eed1	Prokaryota	lineages
methanobrevibacter_odb12	2024-11-14	dca5dea63a5724d12a4a33f54bbd5a6c	Prokaryota	lineages
methanococcaceae_odb12	2024-11-24	922656a33ab2aa91930da4c6d30e72d2	Prokaryota	lineages
methanococcales_odb10	2024-01-08	bfb1b8d0781c6d55bc89fa4fd84f5a1d	Prokaryota	lineages
methanococcales_odb12	2024-11-14	2d8ed70ddd04b25306a247bc823c49a4	Prokaryota	lineages
methanomicrobiaceae_odb12	2024-11-24	97f6c1d9cb94975b0cdcb714d89bc20c	Prokaryota	lineages
methanomicrobiales_odb10	2024-01-08	4b210069ed2c656fd1f60b55d35a70ad	Prokaryota	lineages
methanomicrobiales_odb12	2024-11-14	605e359026e3d5b17c2d483245e69475	Prokaryota	lineages
methanomicrobia_odb10	2024-01-08	2e63c7dfddb70829fd1d3ed87d30611f	Prokaryota	lineages
methanomicrobia_odb12	2024-11-14	c8b1f0bfdf30f455c3e434f488c6442c	Prokaryota	lineages
methanosarcinaceae_odb12	2024-11-14	e5a549d18137c852436441b597d19901	Prokaryota	lineages
methanosarcina_odb12	2024-11-14	24b468430ac437f7ef98c37b0f16225d	Prokaryota	lineages
methylobacteriaceae_odb12	2024-11-14	937ac677b83fce8df9682ea03fb94006	Prokaryota	lineages
methylobacterium_odb12	2024-11-14	88bf0a15af0eb4415ccb2fa99ed66832	Prokaryota	lineages
methylococcaceae_odb12	2024-11-14	110f777eaecd54a8fb8eb2de5041d773	Prokaryota	lineages
methylophilaceae_odb12	2024-11-14	9e1cb2179bfffc88a70f6737c4267a33	Prokaryota	lineages
microbacteriaceae_odb12	2024-11-14	5a0b82a7e7a1bd3e1c8da681cb46bc49	Prokaryota	lineages
microbacterium_odb12	2024-11-14	7253595fb22339c09aa0cfa3b516bc7c	Prokaryota	lineages
microbotryomycetes_odb12	2025-02-25	cc45d62b1fdce38cf7bdc4aaccaae16f	Eukaryota	lineages
micrococcaceae_odb12	2024-11-14	e672a5071bfd85e2fc327fa8dfb565ce	Prokaryota	lineages
micrococcales_odb10	2024-01-08	fdb78019a92964e96b4745defaafc1c4	Prokaryota	lineages
micrococcales_odb12	2024-11-14	52bd2501b56966937f6376dab239b82e	Prokaryota	lineages
micromonosporaceae_odb12	2024-11-14	17f13166994383b69c0fb432aee2b0d0	Prokaryota	lineages
microsporidia_odb10	2024-01-08	c6c96c9fddc451b403ba83630506101e	Eukaryota	lineages
microsporidia_odb12	2025-02-25	0cd295fac9b1de5b65b420e387d59b94	Eukaryota	lineages
mollicutes_odb10	2024-01-08	893e2e596fe937d72b92b81700d5b3e4	Prokaryota	lineages
mollusca_odb10	2024-01-08	d35dfcd38630fb8cb15c646c2482835b	Eukaryota	lineages
mollusca_odb12	2025-02-25	61b85a6dbd5eae33933e30dce341a253	Eukaryota	lineages
moraxellaceae_odb12	2024-11-14	97e3418994ecd2273dc613389eea904e	Prokaryota	lineages
moraxella_odb12	2024-11-14	38fe1bc0e09fe5f2061ea41f039f2508	Prokaryota	lineages
morganellaceae_odb12	2024-11-14	d7e6f173d22c32fc9e5af40ac7e71ab3	Prokaryota	lineages
mucorales_odb10	2024-01-08	3cc5cf5b74b429aad5d62704a041c355	Eukaryota	lineages
mucorales_odb12	2025-02-25	e542b94e6ae7677492ece42281ddd9d2	Eukaryota	lineages
mucoromycota_odb10	2024-01-08	4210498ca504de64e5c9818c8f64962a	Eukaryota	lineages
mucoromycota_odb12	2025-02-25	809976ec631ae17005e9fc3b0c9a290c	Eukaryota	lineages
mycobacteriaceae_odb12	2024-11-14	edb6fdeeca391188b4b2eff1b0c4a05c	Prokaryota	lineages
mycobacteriales_odb12	2024-11-14	c44303762feeb104026a1ed8243ce8df	Prokaryota	lineages
mycobacterium_odb12	2024-11-14	a2625e33e942e49a2ad739a86695b6ca	Prokaryota	lineages
mycolicibacterium_odb12	2024-11-14	abdd8cdbd2750567d2412873f54923f3	Prokaryota	lineages
mycoplasma_odb12	2024-11-14	a22aa87e5d4e21ffcbd46a44cd4b0dd8	Prokaryota	lineages
mycoplasmatales_odb10	2024-01-08	36cd7fda07a206d9db3ce0c97cdc0025	Prokaryota	lineages
mycoplasmatales_odb12	2024-11-14	39975470a518cf9d38e09f55426216a2	Prokaryota	lineages
mycoplasmatota_odb12	2024-11-14	a972c53e28c8d6bfef7669481462d248	Prokaryota	lineages
mycosphaerellaceae_odb12	2025-02-25	34c15d82d7d0385e843d3488cab2ebe8	Eukaryota	lineages
natrialbaceae_odb12	2024-11-24	93fc3a595c11a09e7aacf8f7ae828819	Prokaryota	lineages
natrialbales_odb10	2024-01-08	efa92043b2440ada26425919f875349a	Prokaryota	lineages
natrinema_odb12	2024-11-14	c9396b5f1bb39b0daf5591903c96a3be	Prokaryota	lineages
nectriaceae_odb12	2025-02-25	68fa72de1a67e8e47a8d937ebd91a4dd	Eukaryota	lineages
neisseriales_odb10	2024-01-08	b829a1f5314ebf1f949af4f0e28de0e2	Prokaryota	lineages
neisseriales_odb12	2024-11-14	6370c0024615012cbf9030afa47070b4	Prokaryota	lineages
neisseria_odb12	2024-11-14	6d0b92f78200f570096394442b45959b	Prokaryota	lineages
nematocera_odb12	2025-02-25	ca1d20928965ae264cd94933043a9f9b	Eukaryota	lineages
nematoda_odb10	2024-01-08	ec87bb045e2a81868518b1071029d759	Eukaryota	lineages
nematoda_odb12	2025-02-25	04d87304fa48cf2f187072939e50fea1	Eukaryota	lineages
nitrobacteraceae_odb12	2024-11-14	a90e14e7d77b4ccee5f3355a614dab88	Prokaryota	lineages
nitrosomonadales_odb10	2024-01-08	5877c85915cbb39a3cf66c9b8c296cf8	Prokaryota	lineages
nitrosomonadales_odb12	2024-11-14	926f05679fed0610baa8619bedf78000	Prokaryota	lineages
nitrosomonas_odb12	2024-11-14	39b544a93c375186e50130aa9bb149d3	Prokaryota	lineages
nitrosopumilales_odb12	2024-11-14	ed67f0482f49187f0633814b1ccc17e6	Prokaryota	lineages
nitrosopumilus_odb12	2024-11-24	19ff1484f5bd5174ad6d215db0dd6a30	Prokaryota	lineages
nitrososphaerota_odb12	2024-11-14	ced36575dd32af5ec3f2e634ad7fc72e	Prokaryota	lineages
nocardiaceae_odb12	2024-11-14	891d34de97fc52e0b9f05c8ae36ede6b	Prokaryota	lineages
nocardia_odb12	2024-11-14	1d9229c1f864335d50921fe6f727abe4	Prokaryota	lineages
nocardioides_odb12	2024-11-14	2409fbe9ea620bf40516f03c91c0976d	Prokaryota	lineages
nocardiopsaceae_odb12	2024-11-14	561d26cde3e3148f1b5eddebab3e7fff	Prokaryota	lineages
nocardiopsis_odb12	2024-11-14	c04b8aba9b9c7b8261b55e200b830307	Prokaryota	lineages
nonlabens_odb12	2024-11-14	57d17ed28ad8ad0699483c05caf065d3	Prokaryota	lineages
nostocales_odb10	2024-01-08	2564ddc82836e0d1164d8ab43a78b68a	Prokaryota	lineages
nostocales_odb12	2024-11-14	89aa92f1b2030d3ae1e85724cc8a3fec	Prokaryota	lineages
nostoc_odb12	2024-11-14	85834efac673d51e797cfe2c30daf760	Prokaryota	lineages
novosphingobium_odb12	2024-11-14	07ada3e303eb9bd93cc9a837e57d2052	Prokaryota	lineages
oceanobacillus_odb12	2024-11-14	b690c7ad3b2463cab99a05515071a2ce	Prokaryota	lineages
oceanospirillaceae_odb12	2024-11-14	9b7467727f85c476a261f7670671a452	Prokaryota	lineages
oceanospirillales_odb10	2024-01-08	68600b75c362f9fe8ff2811d141e9cc0	Prokaryota	lineages
oceanospirillales_odb12	2024-11-14	f241518302676ba53469dea68bd86d41	Prokaryota	lineages
olsenella_odb12	2024-11-14	d8cc87c1118f101efc7697b1e1aeee77	Prokaryota	lineages
onygenales_odb10	2024-01-08	6e6b4e1334bb077295ae799c20b38c85	Eukaryota	lineages
onygenales_odb12	2025-02-25	290b334631252ed4221e255d665c33bf	Eukaryota	lineages
oomycota_odb12	2025-02-25	f4b6315f3902a74c6270f2fd9d915bdf	Eukaryota	lineages
ophiocordycipitaceae_odb12	2025-02-25	a3d7832be789db24bd0f3560e974703c	Eukaryota	lineages
oscillatoriales_odb10	2024-01-08	58987c4c5fff2c82d473a26c40c6b661	Prokaryota	lineages
oscillatoriales_odb12	2024-11-14	a08963298922d2f93d57b04639c28a33	Prokaryota	lineages
oxalobacteraceae_odb12	2024-11-14	bfd1963b966a11903f3666eda3265d00	Prokaryota	lineages
paenibacillaceae_odb12	2024-11-14	624354ac1d40eaee1fcfdece2a270168	Prokaryota	lineages
paenibacillus_odb12	2024-11-14	e7463c6bf832c08c3e79c3902005ba14	Prokaryota	lineages
pahexavirus_odb10	2024-01-08	3b1410a4b594471e05c0b4d466e3173b	Virus	lineages
pandoraea_odb12	2024-11-14	c7b3d102b92efefb9f81177b2e4e4b2d	Prokaryota	lineages
pantoea_odb12	2024-11-14	ef2ed17faf9e9fa1d442765e87b8ccef	Prokaryota	lineages
papilionoidea_odb12	2025-02-25	be825e6b5ba4a53c1f2228257ba2fcae	Eukaryota	lineages
paraburkholderia_odb12	2024-11-14	80a513d92d5f00007d69e693ce80743c	Prokaryota	lineages
paracoccaceae_odb12	2024-11-14	9144986526b64225369f92aad1ce5581	Prokaryota	lineages
paracoccus_odb12	2024-11-14	6cd939a46af8918850074ba01048a00d	Prokaryota	lineages
passeriformes_odb10	2024-01-08	41e0a9cbc2c93aa4fd5cd3e8c2876b56	Eukaryota	lineages
passeriformes_odb12	2025-02-25	353bc7670f6413867f231f17d1e2d0c9	Eukaryota	lineages
pasteurellales_odb10	2024-01-08	d9d0d1500ddc1c79f705ea58d233aff8	Prokaryota	lineages
pasteurellales_odb12	2024-11-14	343e35eaef8d1daa3d97381630b5b30d	Prokaryota	lineages
pectobacteriaceae_odb12	2024-11-14	4c5492b58b79b84f857cd4a8cf182ecb	Prokaryota	lineages
pectobacterium_odb12	2024-11-14	12621e62a0043bd0ce0f1c6eff91f63e	Prokaryota	lineages
pediococcus_odb12	2024-11-14	228348b7cfdd43af7b3f5a4229f93e20	Prokaryota	lineages
pedobacter_odb12	2024-11-14	d34e1bf08978f0004d59363267ae9fc8	Prokaryota	lineages
peduovirus_odb10	2024-01-08	660b6c8dae78bf76bddd9ba1be2c8bd9	Virus	lineages
pelagibacter_odb12	2024-11-14	980eff8914af3e961c2b24c317882321	Prokaryota	lineages
penicillium_odb12	2025-02-25	07ac31d1b363aa4345e73876204abb53	Eukaryota	lineages
peptococcaceae_odb12	2024-11-14	fc3b401a9544c64b788081b55e386737	Prokaryota	lineages
peptoniphilus_odb12	2024-11-14	5b647717f6176b308a615df51466b2b7	Prokaryota	lineages
peptostreptococcaceae_odb12	2024-11-14	e406ac158d6bb57114c68a624acc6ad2	Prokaryota	lineages
phaeobacter_odb12	2024-11-14	907f781c7652f6f64797593d9b3d261b	Prokaryota	lineages
photobacterium_odb12	2024-11-14	66f8c9e2172eda63a9d7950781d64810	Prokaryota	lineages
phyllobacteriaceae_odb12	2024-11-14	b40b3085a506bfae89914b6af8536222	Prokaryota	lineages
phytophthora_odb12	2025-02-25	01e0e670ba23dd53c52cf238e13756f0	Eukaryota	lineages
phytoplasma_odb12	2024-11-14	9c1a3aa44a625b0850e33163924f679d	Prokaryota	lineages
pichiaceae_odb12	2025-02-25	2102d54dc49e6a8cb58859cc76982c27	Eukaryota	lineages
piroplasmida_odb12	2025-02-25	f6c30e791c9e25e206b4d5f0610d73e6	Eukaryota	lineages
piscirickettsiaceae_odb12	2024-11-14	3f2095f67990808a834d2933fa2d548c	Prokaryota	lineages
planctomycetaceae_odb12	2024-11-14	4e86ef20fb058f1b64fbab78798675a6	Prokaryota	lineages
planctomycetes_odb10	2024-01-08	4779117e2b4f688e2bdf84faa5806294	Prokaryota	lineages
planctomycetota_odb12	2024-11-14	2601a872f8e4590203b84fc7955b771b	Prokaryota	lineages
planococcaceae_odb12	2024-11-14	416b4e6b6c5915eba6b71c8148fdc68c	Prokaryota	lineages
planococcus_odb12	2024-11-14	e74763fd71c994290e46436e5163652b	Prokaryota	lineages
plasmodium_odb10	2024-01-08	dcc21aada8d28ab5caf7db5b13b19db6	Eukaryota	lineages
plasmodium_odb12	2025-02-25	77a99a946dfd4ef6755d20d438fd76ac	Eukaryota	lineages
pleosporaceae_odb12	2025-02-25	414cee1bccc2dacefc4583d30b62c407	Eukaryota	lineages
pleosporales_odb10	2024-01-08	724410708694d64cabc152f5d343a48b	Eukaryota	lineages
pleosporales_odb12	2025-02-25	56a1f555fe0604522bc295b17a01d975	Eukaryota	lineages
poales_odb10	2024-01-08	e816664c71d968404b2e0acc49d18a44	Eukaryota	lineages
poales_odb12	2025-02-25	eef88df2f57bfcbb89e5bb340519b4d0	Eukaryota	lineages
polaribacter_odb12	2024-11-14	c6197d4b4cb1c8b10e479f219fc4a3e5	Prokaryota	lineages
polyphaga_odb12	2025-02-25	282ca0181c70e2dcc712eb754c7cb811	Eukaryota	lineages
polyporaceae_odb12	2025-02-25	4ec2e41b2ca6ad079124fa56bb873b04	Eukaryota	lineages
polyporales_odb10	2024-01-08	27e685efdb0e3abe27c1b7635a07360d	Eukaryota	lineages
polyporales_odb12	2025-02-25	01513934ddc66c1a1f8b28d6fe1424c2	Eukaryota	lineages
pontibacter_odb12	2024-11-14	81a5f4c7f4a14ba9156677b09ebc00ba	Prokaryota	lineages
porphyrobacter_odb12	2024-11-14	0d74dab9e5bf8bde85301adfb736b3a4	Prokaryota	lineages
porphyromonadaceae_odb12	2024-11-14	799ae7228397497d77e8a560d26e4725	Prokaryota	lineages
poxviridae_odb10	2024-01-08	4cb2e71a92b2088a0a0b1f4ff20f94ef	Virus	lineages
prevotellaceae_odb12	2024-11-14	9d2285226ad1f83f3d81ce60bfdfbea0	Prokaryota	lineages
primates_odb10	2024-01-08	321262a9dd0dcb01b92680e90ec6f344	Eukaryota	lineages
primates_odb12	2025-02-25	489b7e1f7db18e7825aed9d58086d0d1	Eukaryota	lineages
prochlorococcus_odb12	2024-11-14	8a04ba7815a040be127714a9f07df846	Prokaryota	lineages
propionibacteriaceae_odb12	2024-11-14	90affdc19654d59686cc46d51a5c8ae7	Prokaryota	lineages
propionibacteriales_odb10	2024-01-08	ec081179e55c395689bb9099dedeceb7	Prokaryota	lineages
propionibacteriales_odb12	2024-11-14	7618fff17e383cfa944cf4f8079276cc	Prokaryota	lineages
proteobacteria_odb10	2024-01-08	6bb05a7389ee093cbd2bf9261ea4c608	Prokaryota	lineages
pseudeurotiaceae_odb12	2025-02-25	1d8005ae701333d310dd69a5203cf73c	Eukaryota	lineages
pseudoalteromonas_odb12	2024-11-14	c45b446187b60bce83d6498d24a0e6bb	Prokaryota	lineages
pseudomonadales_odb10	2024-01-08	b966b8bb3e542085dd4337ef5e692f83	Prokaryota	lineages
pseudomonadales_odb12	2024-11-14	16f7a9b3cad16917159b6c25c169532c	Prokaryota	lineages
pseudomonadota_odb12	2024-11-14	6338f60cb559d346abd659da2aad78b3	Prokaryota	lineages
pseudomonas_odb12	2024-11-14	5f3a4add5382a0f4a9fd12cd21b449e6	Prokaryota	lineages
pseudonocardiaceae_odb12	2024-11-14	540252880bf0da163d96eee682635333	Prokaryota	lineages
pseudonocardia_odb12	2024-11-14	deb48a388de0628c745ef7d9fed090c2	Prokaryota	lineages
pseudoxanthomonas_odb12	2024-11-14	7c3a110ffde87f87236c39dd207adb62	Prokaryota	lineages
psychrobacter_odb12	2024-11-14	3a4b1b6f51bf458737dcdb61c11ee77d	Prokaryota	lineages
psychromonas_odb12	2024-11-14	24e1afbdfd04a550cdb5fee94c622941	Prokaryota	lineages
pucciniomycetes_odb12	2025-02-25	17ee8e9823c07d1dbfab49a3c290cf96	Eukaryota	lineages
ralstonia_odb12	2024-11-14	bbfb284818c2e435671f7bb4c283d8f2	Prokaryota	lineages
rhizobiaceae_odb12	2024-11-14	99d83ce53a5f2dc81584e1f0a8da5ce6	Prokaryota	lineages
rhizobiales_odb10	2024-01-08	17f8d1d055dc8f4ff121cad29a86f200	Prokaryota	lineages
rhizobium-agrobacterium_group_odb10	2024-01-08	6bcf42ae66ea48608394b737d54cecfb	Prokaryota	lineages
rhizobium-agrobacterium_group_odb12	2024-11-14	ee69faf84b90579c105634cd28b5545b	Prokaryota	lineages
rhizobium_odb12	2024-11-14	c5aa908967209682bad92147f219d97e	Prokaryota	lineages
rhodanobacteraceae_odb12	2024-11-14	043f797650e2740cc01862c8a6aa2867	Prokaryota	lineages
rhodobacterales_odb10	2024-01-08	95a00f9c488274d5eb2d00f20485741b	Prokaryota	lineages
rhodobacterales_odb12	2024-11-14	fbcadbc91bbbe427af7467a8c5aa09d7	Prokaryota	lineages
rhodobacter_odb12	2024-11-14	dd238c04c3dfb8d539589896b45c70fd	Prokaryota	lineages
rhodococcus_odb12	2024-11-14	3cbbed3757a12bcf24fe8f070668a964	Prokaryota	lineages
rhodophyta_odb12	2025-02-25	dfd466814376b6c32ea073e94e047318	Eukaryota	lineages
rhodopseudomonas_odb12	2024-11-14	21a41c6b06ef08e5d95ecb3e0683b782	Prokaryota	lineages
rhodospirillaceae_odb12	2024-11-14	68bfdd07738af641540166b551f27ece	Prokaryota	lineages
rhodospirillales_odb10	2024-01-08	0890d70c48d570c36a09abea2575cc6a	Prokaryota	lineages
rhodospirillales_odb12	2024-11-14	e57d939efb47368590f4b0cc6da318fa	Prokaryota	lineages
rickettsiaceae_odb12	2024-11-14	6b11c2dc622a395b8dee4c8d5099c9a0	Prokaryota	lineages
rickettsiales_odb10	2024-01-08	3a3c78aa761117f38cb9a43cd3fd3f64	Prokaryota	lineages
rickettsiales_odb12	2024-11-14	b7aac77d9032bdd86fe72617bfd76b20	Prokaryota	lineages
rikenellaceae_odb12	2024-11-14	0ba237e9e7b264ba5c6819f784b103e2	Prokaryota	lineages
rodentia_odb12	2025-02-25	5ac39fb17351ebcbe2061dfe4e095166	Eukaryota	lineages
rosaceae_odb12	2025-02-25	3b1234ccab1951c4cd77f4aa728d7e69	Eukaryota	lineages
rosales_odb12	2025-02-25	00749ffec47246fade3629156ec1687a	Eukaryota	lineages
roseovarius_odb12	2024-11-14	b9ca485a9dcceab8268af10a6ae6f50d	Prokaryota	lineages
rudiviridae_odb10	2024-01-08	afad43502a74667304b97a39459700b4	Virus	lineages
ruegeria_odb12	2024-11-14	7b8f7a34752f66815723917db08dcd5f	Prokaryota	lineages
ruminococcus_odb12	2024-11-14	f1d87232a637344e3d42f3955e4329f4	Prokaryota	lineages
saccharomycetaceae_odb12	2025-02-25	c2ba3f47f275f7a1aeb156f3477830cc	Eukaryota	lineages
saccharomycetes_odb10	2024-01-08	8b6e1a7e088592717f9677fdf15da697	Eukaryota	lineages
saccharomycetes_odb12	2025-02-25	bbaa36af3fb0354f31f124c7c0898a84	Eukaryota	lineages
salinicoccus_odb12	2024-11-14	f9cec243bbdac0600b89c317eea873dd	Prokaryota	lineages
saprolegniaceae_odb12	2025-02-25	e5f4a94c203e39a7ab24ebb4c675c0b3	Eukaryota	lineages
sauropsida_odb10	2024-01-08	9cc70aa59593e937612bef7c27d1edaf	Eukaryota	lineages
sauropsida_odb12	2025-02-25	6c04f69cd20277d0b298aba67febc5f5	Eukaryota	lineages
selenomonadaceae_odb12	2024-11-14	1489f643852502ebcdc89a0b27f44bd4	Prokaryota	lineages
selenomonadales_odb10	2024-01-08	56c4bd6baa137ddd0d83f9c924261ec4	Prokaryota	lineages
selenomonadales_odb12	2024-11-14	fb197ae4f636007faa9db28357d3386f	Prokaryota	lineages
selenomonas_odb12	2024-11-14	3947ea42c5b11b44d4fee313aeba6998	Prokaryota	lineages
shewanella_odb12	2024-11-14	d9b843ceaebee0e48536e5c4675eca38	Prokaryota	lineages
simplexvirus_odb10	2024-01-08	fffd2907f63fe04c78fabd61d2f56919	Virus	lineages
sinorhizobium_odb12	2024-11-14	9674fd83225f2ba90d3b8f59a5ccd770	Prokaryota	lineages
skunavirus_odb10	2024-01-08	68fbb8404853ae930651c3af1baa7b49	Virus	lineages
solanales_odb10	2024-01-08	66f358ec9289490e465b49c534d68963	Eukaryota	lineages
solanales_odb12	2025-02-25	e2bc8b78e02efc6049909278c1c73243	Eukaryota	lineages
sordariales_odb12	2025-02-25	08c258bd59b2f6378a878e8129d1524f	Eukaryota	lineages
sordariomycetes_odb10	2024-01-08	d2eaf7b7dcdc98c696193200a64f680b	Eukaryota	lineages
sordariomycetes_odb12	2025-02-25	3afa4b1c1e5f16881948ea9b036108b8	Eukaryota	lineages
sphingobacteriia_odb10	2024-01-08	242603fe2ff0935de82a73610d3c7ecf	Prokaryota	lineages
sphingobacteriia_odb12	2024-11-14	ebb18b40c8468f736bff04161a28e8f9	Prokaryota	lineages
sphingobacterium_odb12	2024-11-14	2fc43f8ccb8ef28306b244141c91f828	Prokaryota	lineages
sphingobium_odb12	2024-11-14	f5296c2d8d5ad84a99a198abea7f1268	Prokaryota	lineages
sphingomonadales_odb10	2024-01-08	0d2a778d7223204d457fed9159c3cd0b	Prokaryota	lineages
sphingomonadales_odb12	2024-11-14	ba2b3a1a2ca261761363053c068521c3	Prokaryota	lineages
sphingomonas_odb12	2024-11-14	aacf63a487f255b31da5a9ef36786d18	Prokaryota	lineages
sphingopyxis_odb12	2024-11-14	d884f647fc4cd72002d3baaf94134ae2	Prokaryota	lineages
spirochaetaceae_odb12	2024-11-14	2f457ae98a16df7e9f573f20f5c39ffe	Prokaryota	lineages
spirochaetales_odb10	2024-01-08	25566c0ec1f4157549b29909987fe2dc	Prokaryota	lineages
spirochaetales_odb12	2024-11-14	8f17424f6390f394de10f3ae7865d107	Prokaryota	lineages
spirochaetes_odb10	2024-01-08	791cb6d5240aee08cbfc31aa46c95fea	Prokaryota	lineages
spirochaetia_odb10	2024-01-08	2d872abdb7804ed46d064ebf1a4af183	Prokaryota	lineages
spirochaetota_odb12	2024-11-14	4202ddc34fdd0704b767513220881317	Prokaryota	lineages
spiroplasma_odb12	2024-11-14	ec6c53433c26188d184a32e352e659dd	Prokaryota	lineages
sporosarcina_odb12	2024-11-14	c0013f676f87668b961221f6dfc01d84	Prokaryota	lineages
spounavirinae_odb10	2024-01-08	286365f43fe02aad53b89555d36cd6b0	Virus	lineages
squamata_odb12	2025-02-25	534a6bcb277bc0ff3e0b904609cdf250	Eukaryota	lineages
staphylococcaceae_odb12	2024-11-14	8f5d7293c56581aa247ae76197e3d055	Prokaryota	lineages
staphylococcus_odb12	2024-11-14	b0ddbe64fb2eba34a794c0e5891eabbf	Prokaryota	lineages
stenotrophomonas_odb12	2024-11-14	739383c8c6996150e6090699e98d778d	Prokaryota	lineages
stramenopiles_odb10	2024-01-08	c47e74b9b44f96393aab60a94da41d9b	Eukaryota	lineages
stramenopiles_odb12	2025-02-25	c34f279dd9455a0971baa3055463c0e1	Eukaryota	lineages
streptacidiphilus_odb12	2024-11-14	6cda916037c0146b92e7babfe542fc49	Prokaryota	lineages
streptococcaceae_odb12	2024-11-14	887965152f593812582befa0e2aee152	Prokaryota	lineages
streptomyces_odb12	2024-11-14	8de2de705060db3d09af2dd118186112	Prokaryota	lineages
streptomycetales_odb10	2024-01-08	0fa3b1d4ad18d32f22cfa3e9df6c5f24	Prokaryota	lineages
streptosporangiales_odb10	2024-01-08	efc360354567844fa58da793f464eb81	Prokaryota	lineages
streptosporangiales_odb12	2024-11-14	2b2f8e594f3ac7beac930d70d303459d	Prokaryota	lineages
sulfitobacter_odb12	2024-11-14	093f6a284513b36e83cf0fc33f256bed	Prokaryota	lineages
sulfolobales_odb10	2024-01-08	8a61f401552651f1a65901602ebeafe8	Prokaryota	lineages
sulfolobales_odb12	2024-11-14	12d3ea7fec6bef589789f8524d7873d5	Prokaryota	lineages
synechococcaceae_odb12	2024-11-14	bd48381a92cc4395e624ed4c2c49be54	Prokaryota	lineages
synechococcales_odb10	2024-01-08	9a472bbb3c02e033f3672644bbb27779	Prokaryota	lineages
synechococcales_odb12	2024-11-14	c96a145da276b127db3177cbf9cb3df0	Prokaryota	lineages
synergistetes_odb10	2024-01-08	a5bf4d9973e8ea1fbdf3ea8284bd8957	Prokaryota	lineages
synergistota_odb12	2024-11-14	dbb7423a1aa1f572de25b7bb98aadb2e	Prokaryota	lineages
tenacibaculum_odb12	2024-11-14	28ab6945e8b2c3e1d74ef266918472d3	Prokaryota	lineages
tenericutes_odb10	2024-01-08	f2bbba733d5b3a531ba14d7338d2fb8f	Prokaryota	lineages
tequatrovirus_odb10	2024-01-08	67a3c9d25ded118212840dfd87c37d96	Virus	lineages
teseptimavirus_odb10	2024-01-08	18d63d8e679c6fc6086d906d6b917f05	Virus	lineages
tetrapoda_odb10	2024-01-08	536277f71a4369b266c77c46d7e4fc1b	Eukaryota	lineages
tetrapoda_odb12	2025-02-25	7743f48dbafe15ecdbff697126b198bc	Eukaryota	lineages
tevenvirinae_odb10	2024-01-08	fac34fac2c70199fcbe69c0a7a663d71	Virus	lineages
thauera_odb12	2024-11-14	9fe39278beea06f4147d31e6a6ef6beb	Prokaryota	lineages
thaumarchaeota_odb10	2024-01-08	216d7dfaa4b307e5bf6f136bf310cece	Prokaryota	lineages
thermaceae_odb12	2024-11-14	719133b4023982c2569fedda0b54796f	Prokaryota	lineages
thermoanaerobacterales_odb10	2024-01-08	d66c7a944c1f36dc22353a62e663065b	Prokaryota	lineages
thermoanaerobacterales_odb12	2024-11-14	24c04bb5d1c50108c0f50a6ac20e7a8d	Prokaryota	lineages
thermococcaceae_odb12	2024-11-14	c2f879b3c17cab0aa150b0c9d6e9ece4	Prokaryota	lineages
thermococcus_odb12	2024-11-24	7882c142bde435ffc03fd8c8e3e69156	Prokaryota	lineages
thermoplasmata_odb10	2024-01-08	f3ec5b6d8fa79c4c6caa37e6b0c09776	Prokaryota	lineages
thermoplasmata_odb12	2024-11-14	5b3abfc0b6a7fdbfee6f58863431f167	Prokaryota	lineages
thermoproteaceae_odb12	2024-11-14	5339ee1dd42ca0c14cd1daeeb8c35771	Prokaryota	lineages
thermoproteales_odb10	2024-01-08	c92700b9bc1018ba50741c453632a758	Prokaryota	lineages
thermoproteales_odb12	2024-11-14	bc75df2aad645d4ce1dae9641ea6ba38	Prokaryota	lineages
thermoprotei_odb10	2024-01-08	e9c08ac322b0c8e4d1c052e6738ad85d	Prokaryota	lineages
thermoprotei_odb12	2024-11-14	05955938657c0e4cc8cd06bb8d593b76	Prokaryota	lineages
thermotogae_odb10	2024-01-08	546306dabbd386be2d9940a2c0d0deb1	Prokaryota	lineages
thermotogota_odb12	2024-11-14	cabc2aab1b9778542324dbb32e7aff23	Prokaryota	lineages
thermus_odb12	2024-11-14	908779143652aced76fee7e582df455b	Prokaryota	lineages
thioalkalivibrio_odb12	2024-11-14	b3954a808c12d74e007f07f3454cb9a7	Prokaryota	lineages
thiotrichales_odb10	2024-01-08	7871f11be31cf3dfb0f57e8a1f5b31f1	Prokaryota	lineages
thiotrichales_odb12	2024-11-14	90a4e35eb37531efe624b5774ec3e45e	Prokaryota	lineages
tissierellales_odb10	2024-01-08	d5651b1b2e07433fc212881bd1482b72	Prokaryota	lineages
tissierellia_odb10	2024-01-08	f56b85fda5d5cb55322a8cbd452dd365	Prokaryota	lineages
tissierellia_odb12	2024-11-14	5c979fd3e4d8ec1772cf9a1f0e9c55e2	Prokaryota	lineages
trebouxiophyceae_odb12	2025-02-25	43fc8a954c03fa0e7499a7e4fd588f7d	Eukaryota	lineages
tremellomycetes_odb10	2024-01-08	a0bfe1ffe4313753173cd341ddcc4c07	Eukaryota	lineages
tremellomycetes_odb12	2025-02-25	d2da0e351e054416afad38fc4f80ae0d	Eukaryota	lineages
treponema_odb12	2024-11-14	d817c766f2e66fd73af42b992c08ad51	Prokaryota	lineages
trypanosoma_odb12	2025-02-25	793c98b3dc41f25b6523883b6e1c7057	Eukaryota	lineages
tunavirinae_odb10	2024-01-08	fe8a69addddcbc43732a4504aff538e2	Virus	lineages
ustilaginomycetes_odb12	2025-02-25	87250bb800ee62a38924a0442dfc1e1e	Eukaryota	lineages
varicellovirus_odb10	2024-01-08	43c79da0fb65e9d5941d71458cf844ad	Virus	lineages
variovorax_odb12	2024-11-14	13942f3a863fce0dc701f73203b9dc67	Prokaryota	lineages
veillonellaceae_odb12	2024-11-14	860a2cf8c9b064fdfed2a5fd26fa5444	Prokaryota	lineages
veillonella_odb12	2024-11-14	793e1a0d20c909bf2eeb2e348ab66e0f	Prokaryota	lineages
verrucomicrobia_odb10	2024-01-08	1c380e10eaac2482a9485fe14b7bad47	Prokaryota	lineages
verrucomicrobiota_odb12	2024-11-14	2623b24c176b98f2f70793ac3a0976af	Prokaryota	lineages
vertebrata_odb10	2024-01-08	d292737afaec0ac95bde4f4a8d2ea814	Eukaryota	lineages
vertebrata_odb12	2025-02-25	ae5383c29e6e5f1bc909b0985672af22	Eukaryota	lineages
vibrionales_odb10	2024-01-08	e9ec5827bed867a01d07d7d03aaddc4c	Prokaryota	lineages
vibrionales_odb12	2024-11-14	241df6e778f21fe09a002626f0cf9492	Prokaryota	lineages
vibrio_odb12	2024-11-14	297a446bcc22a4e57e416c90b0d82568	Prokaryota	lineages
virgibacillus_odb12	2024-11-14	e6e7a3bb551ca3b12e6ef15a4b1ae893	Prokaryota	lineages
viridiplantae_odb10	2024-01-08	90d6ce27fde83f1e4aba1d6a8f523673	Eukaryota	lineages
viridiplantae_odb12	2025-02-25	9adae9e4aeddaafdffdd80809d61ed6d	Eukaryota	lineages
weissella_odb12	2024-11-14	4924586be6c0ae747f068d913838026d	Prokaryota	lineages
xanthomonadales_odb10	2024-01-08	47dd98a24916b28b52500e9a036eb8a8	Prokaryota	lineages
xanthomonadales_odb12	2024-11-14	b945305a58647fc4bba4a947aaa0b4e1	Prokaryota	lineages
xanthomonas_odb12	2024-11-14	32382076ef0c0d01750b9de6410a73a9	Prokaryota	lineages
xylariales_odb12	2025-02-25	8bbd7b099341e22116593034fc7936b3	Eukaryota	lineages
yersiniaceae_odb12	2024-11-14	c590ac689b956f38af7f6c0e71347ec9	Prokaryota	lineages
yersinia_odb12	2024-11-14	035df5a112697b3029035c0593c76641	Prokaryota	lineages